"825188432@qq.com","1","secret"
"accusamus_iusto@example.com","78","secret"
"aconsequatur@example.com","202","secret"
"aeius@example.com","128","secret"
"assumenda76@example.net","18","secret"
"at32@example.org","86","secret"
"aut.sit@example.net","127","secret"
"aut12@example.org","12","secret"
"autem23@example.org","65","secret"
"cea@example.com","33","secret"
"consectetur18@example.org","145","secret"
"doloremque_iure@example.net","89","secret"
"dolores81@example.com","40","secret"
"dolorum_commodi@example.org","105","secret"
"ducimus.et@example.net","45","secret"
"ea32@example.net","178","secret"
"et_eligendi@example.com","134","secret"
"et.eveniet@example.org","137","secret"
"et.reprehenderit@example.org","124","secret"
"et44@example.net","159","secret"
"et87@example.org","107","secret"
"eum_quidem@example.com","189","secret"
"eum.debitis@example.org","82","secret"
"eveniet_hic@example.com","142","secret"
"exercitationem_qui@example.net","122","secret"
"expedita32@example.net","207","secret"
"fuga_iure@example.net","21","secret"
"fuga.tempora@example.com","36","secret"
"hnumquam@example.org","119","secret"
"id.nobis@example.net","30","secret"
"ideleniti@example.org","74","secret"
"iearum@example.com","14","secret"
"inventore15@example.net","56","secret"
"ipsa.a@example.net","196","secret"
"ipsa.alias@example.com","59","secret"
"jmolestias@example.net","103","secret"
"ksit@example.com","44","secret"
"lenim@example.net","97","secret"
"magni_consequuntur@example.org","150","secret"
"magni_eaque@example.org","43","secret"
"maiores_eum@example.com","112","secret"
"mfacilis@example.com","161","secret"
"molestias48@example.net","125","secret"
"mquo@example.org","52","secret"
"necessitatibus97@example.com","132","secret"
"nqui@example.org","94","secret"
"nulla_ex@example.org","157","secret"
"numquam84@example.net","47","secret"
"odio_quo@example.net","60","secret"
"odit15@example.org","165","secret"
"officia.sit@example.com","147","secret"
"omnis.sunt@example.net","193","secret"
"omnis81@example.org","181","secret"
"optio94@example.net","23","secret"
"perferendis_et@example.net","172","secret"
"perferendis.laborum@example.org","209","secret"
"pminima@example.com","101","secret"
"pvoluptatem@example.com","63","secret"
"qnulla@example.org","203","secret"
"qui81@example.org","28","secret"
"quia.dolorem@example.net","7","secret"
"quia.rem@example.org","115","secret"
"quibusdam_asperiores@example.com","180","secret"
"quis.error@example.com","136","secret"
"quisquam.aut@example.org","199","secret"
"qunde@example.net","155","secret"
"quo57@example.net","85","secret"
"reiciendis14@example.net","183","secret"
"rem_ex@example.net","38","secret"
"rem40@example.com","71","secret"
"repellat.quia@example.net","175","secret"
"repellendus86@example.com","191","secret"
"rerum.velit@example.com","48","secret"
"rerum47@example.com","49","secret"
"sed_tempora@example.com","15","secret"
"sed.necessitatibus@example.net","163","secret"
"sed69@example.net","170","secret"
"sullam@example.net","75","secret"
"sunt_accusamus@example.com","92","secret"
"sut@example.com","26","secret"
"tempora.ut@example.net","186","secret"
"tenetur27@example.net","62","secret"
"ullam_atque@example.net","208","secret"
"ullam_saepe@example.com","68","secret"
"unde_magni@example.org","168","secret"
"unde00@example.com","13","secret"
"ut_dolores@example.net","10","secret"
"ut_nihil@example.net","206","secret"
"ut28@example.org","195","secret"
"ut44@example.com","98","secret"
"vitae39@example.org","109","secret"
"voluptas.qui@example.com","210","secret"
"voluptatem_nulla@example.net","53","secret"
"voluptates_et@example.com","152","secret"
"wvoluptatem@example.com","129","secret"
"ydistinctio@example.org","80","secret"
"yquia@example.org","139","secret"
"zaccusamus@example.com","141","secret"
"zet@example.org","118","secret"
"zhic@example.org","17","secret"
"znemo@example.com","176","secret"
